{
  "best_model": "MultinomialNB",
  "accuracy": 0.9453326456936565,
  "precision": 0.9288888888888889,
  "recall": 0.8495934959349594,
  "f1": 0.8874734607218684
}